policy,n,total,regretAmongOrders,requests,holdRate,coverage,falseHandoff
checklist/rules,120,75.91765873015873,69.82390873015873,0.3333333333333333,0,1,0
ask_all/rules,120,38.45684523809524,15.071428571428571,1.0416666666666667,0,1,0
uncertainty/rules,120,38.45684523809524,15.071428571428571,1.0416666666666667,0,1,0
one_step/rules,120,35.33184523809524,15.071428571428571,0.9166666666666666,0,1,0
reference/rules,120,34.08184523809524,15.071428571428571,0.875,0,1,0
learned/rules,120,64.29861111111111,55.91319444444444,0.4583333333333333,0,1,0
checklist/learned,120,87.70188492063492,82.21230158730158,0.3,0,1,0
ask_all/learned,120,107.49355158730158,82.21230158730158,1.175,0,1,0
uncertainty/learned,120,107.49355158730158,82.21230158730158,1.175,0,1,0
one_step/learned,120,87.72941468253968,80.59399801587301,0.3,0,1,0
reference/learned,120,87.72941468253968,80.59399801587301,0.3,0,1,0
learned/learned,120,89.99355158730158,82.21230158730158,0.425,0,1,0
oracle/full-information-bound,120,0,0,0,0,1,0
learned/learned/no-evidence,120,67.90625,59.916666666666664,0.4666666666666667,0,0,1
learned/learned/no-type,120,110.24032738095238,101.83407738095238,0.4666666666666667,0,1,0
learned/learned/no-impact,120,89.99355158730158,82.21230158730158,0.425,0,1,0
learned/learned/no-update,120,185.8268849206349,98.6547619047619,0.425,0.16666666666666666,1,0
learned/learned/noise-0.1,120,89.99355158730158,82.21230158730158,0.425,0,0.9583333333333334,0.041666666666666664
learned/learned/noise-0.2,120,89.99355158730158,82.21230158730158,0.425,0,0.9416666666666667,0.058333333333333334
